#,url,domain,type,duplicate_domain,lang,topic,counts_as_link
1,https://graph.org/Ideas-For-Keeping-Your-Memory-Sharp-And-Focused-09-19,graph.org,web2.0 blog,Y,en,memory tips (general),Y
2,https://rentry.co/7468ks9w,rentry.co,pad/paste,Y,en,memory tips (general),Y
3,https://greve64carstensen.bravejournal.net/all-the-best-memory-advice-in-one-place,bravejournal.net,web2.0 blog,Y,en,memory tips (general),Y
4,https://siegel20siegel.werite.net/helpful-tips-and-tricks-for-remembering-things,werite.net,web2.0 blog,Y,en,memory tips (general),Y
5,https://nissen-sosa-2.blogbright.net/find-out-what-you-can-do-to-improve-your-memory-1789834073,blogbright.net,web2.0 blog,Y,en,memory tips (general),Y
6,https://briggs-lindahl-3.technetbloggers.de/how-relating-old-information-can-retain-new-information-1789834074,technetbloggers.de,web2.0 blog,Y,en,memory tips (general),Y
7,https://hackmd.okfn.de/A8tFrA9kRAe4BCTAj_vGBg,hackmd.okfn.de,pad/paste,Y,en,memory tips (general),Y
8,https://notes.medien.rwth-aachen.de/29II9AH9QhOtOgUnsem4cQ,notes.medien.rwth-aachen.de,pad/paste,Y,en,memory tips (general),Y
9,https://squareblogs.net/puggaardlorentzen57645/herbal-remedies-that-can-help-increase-your-memory,squareblogs.net,web2.0 blog,Y,en,memory tips (general),Y
10,https://postheaven.net/siegel83greve/tips-anyone-can-use-to-improve-their-memory,postheaven.net,web2.0 blog,Y,en,memory tips (general),Y
11,https://writeablog.net/floyd44velling/techniques-and-tips-for-strengthening-your-memory,writeablog.net,web2.0 blog,Y,en,memory tips (general),Y
12,https://www.instructables.com/member/kold94greve/,instructables.com,profile,N,en,-,Y
13,https://www.credly.com/users/siegel96curry,credly.com,profile,Y,en,-,Y
14,https://www.blurb.com/user/Floyd14Greve,blurb.com,profile,Y,en,-,Y
15,https://graph.org/Improve-Your-Memory-With-These-Helpful-Tips-09-19,graph.org,web2.0 blog,Y,en,memory tips (general),Y
16,https://telegra.ph/Check-Out-Some-Of-These-Memory-Tips-09-19,telegra.ph,web2.0 blog,N,en,memory tips (general),Y
17,https://rentry.co/mqz5fa5x,rentry.co,pad/paste,Y,en,memory tips (general),Y
18,https://notes.io/e9PyS,notes.io,pad/paste,Y,en,memory tips (general),Y
19,https://wall37rankin.werite.net/check-out-these-tips-to-improve-your-memory,werite.net,web2.0 blog,Y,en,memory tips (general),Y
20,https://lyon11rankin.bravejournal.net/forgetful,bravejournal.net,web2.0 blog,Y,en,memory tips (general),Y
21,https://lawson-hanna-3.blogbright.net/techniques-and-tips-for-strengthening-your-memory-1789846496,blogbright.net,web2.0 blog,Y,en,memory tips (general),Y
22,https://diigo.com/013iq1v,diigo.com,bookmark,N,en,-,Y
23,https://blogfreely.net/hopkins81christoffersen/tricks-that-help-improves-your-memory-now,blogfreely.net,web2.0 blog,Y,en,memory tips (general),Y
24,https://postheaven.net/baun51rankin/tips-anyone-can-use-to-improve-their-memory,postheaven.net,web2.0 blog,Y,en,memory tips (general),Y
25,https://zenwriting.net/bergmann18rankin/memory-tips-that-just-about-anyone-can-use,zenwriting.net,web2.0 blog,Y,en,memory tips (general),Y
26,https://squareblogs.net/falkwebster75587/get-better-brain-function-with-these-tips,squareblogs.net,web2.0 blog,Y,en,memory tips (general),Y
27,https://writeablog.net/hopkins55bergmann/tips-on-how-to-improve-your-memory,writeablog.net,web2.0 blog,Y,en,memory tips (general),Y
28,https://www.youtube.com/redirect?q=https://joilmang.com/,youtube.com,redirect,N,-,-,N
29,https://rentry.co/fqubgh2g,rentry.co,pad/paste,Y,en,memory tips (general),Y
30,https://notes.io/e9A47,notes.io,pad/paste,Y,en,memory tips (general),Y
31,https://koldinghayden0.werite.net/remember-these-tips-and-you-can-remember-anything,werite.net,web2.0 blog,Y,en,memory tips (general),Y
32,https://holmecook3.bravejournal.net/great-techniques-to-help-improve-your-memory,bravejournal.net,web2.0 blog,Y,en,memory tips (general),Y
33,https://bragg-mclain-2.blogbright.net/a-excellent-memory-how-you-can-have-one-to-1789834659,blogbright.net,web2.0 blog,Y,en,memory tips (general),Y
34,https://jackson-munck-2.technetbloggers.de/having-trouble-with-your-memory-3f-read-these-tips-1789834660,technetbloggers.de,web2.0 blog,Y,en,memory tips (general),Y
35,https://notes.medien.rwth-aachen.de/PQLwfNHCSYuDg-4NsrECrw,notes.medien.rwth-aachen.de,pad/paste,Y,en,memory tips (general),Y
36,https://hackmd.hub.yt/aP-BNBT1TWiyllmTO9YBJg,hackmd.hub.yt,pad/paste,N,en,memory tips (general),Y
37,https://hedgedoc.uni-ak.ac.at/x984_vlpQ12cZb7UPYZGkA,hedgedoc.uni-ak.ac.at,pad/paste,N,en,memory tips (general),Y
38,https://doc.neutrinet.be/fu4iSsJ9TLSxv00IbP-ipA,doc.neutrinet.be,pad/paste,N,en,memory tips (general),Y
39,https://pad.funkwhale.audio/wzWN-QWnRdix6P6f6y3arg,pad.funkwhale.audio,pad/paste,N,en,memory tips (general),Y
40,https://hedgedoc.envs.net/klQRKHXySWGi7B-lSVCC2Q,hedgedoc.envs.net,pad/paste,N,en,memory tips (general),Y
41,https://dok.kompot.si/y9PBrjwkSHC0ledZReIFkg,dok.kompot.si,pad/paste,N,en,memory tips (general),Y
42,https://hackmd.okfn.de/UWFoSbe3TXKbBygDOArAPA,hackmd.okfn.de,pad/paste,Y,en,memory tips (general),Y
43,https://pad.public.cat/XT4V8tL_SB22Qy_mYcBfPw,pad.public.cat,pad/paste,N,en,memory tips (general),Y
44,https://blogfreely.net/sawyerknight2/tips-on-how-to-improve-your-memory,blogfreely.net,web2.0 blog,Y,en,memory tips (general),Y
45,https://squareblogs.net/mcmahonlind99935/learn-to-manage-your-memory-better-with-these-tips,squareblogs.net,web2.0 blog,Y,en,memory tips (general),Y
46,https://postheaven.net/haydenknight7/tips-anyone-can-use-to-improve-their-memory,postheaven.net,web2.0 blog,Y,en,memory tips (general),Y
47,https://zenwriting.net/holmeknight0/easy-ways-anyone-can-improve-their-memory,zenwriting.net,web2.0 blog,Y,en,memory tips (general),Y
48,https://writeablog.net/housekolding7/advice-on-making-your-memory-more-reliable,writeablog.net,web2.0 blog,Y,en,memory tips (general),Y
49,https://www.credly.com/users/sawyerhouse0,credly.com,profile,Y,en,-,Y
50,https://www.question2answer.org/qa/user/KoldingRowland5,question2answer.org,profile,N,en,-,Y
51,https://intensedebate.com/people/koldingcook4,intensedebate.com,profile,N,en,-,Y
52,https://www.blurb.com/user/SawyerHouse4,blurb.com,profile,Y,en,-,Y
